,Tissue,Title,Article,Data,Meta_data,Disease,Technology,N_cells,N_sampels
0,head-and-neck,Chen et al. 2020,https://www.nature.com/articles/s41422-020-0374-x,https://www.dropbox.com/sh/9aezfyi67u1quf2/AACMVfmzDVX-OyqSp4U3_l6ia?dl=1,https://www.dropbox.com/scl/fi/yezd3kpbwrx8v6oedx31t/Meta-data_Chen2020_Head-and-Neck.csv?rlkey=m3j4oc4vt3u0jybfh0fc7vl82&dl=1,Nasopharyngeal carcinoma,10x,71896.0,14.0
1,head-and-neck,Cillo et al. 2020,https://www.sciencedirect.com/science/article/pii/S1074761319304959,https://www.dropbox.com/sh/oj597z3szln7w3f/AAAZmhWKXAD4wGJ3LWEpbYVoa?dl=1,https://www.dropbox.com/scl/fi/sltseby5sk5veuwvtrnkm/Meta-data_Cillo2020_Head-and-Neck.csv?rlkey=09vl821rtbnmf34r52db6pogi&dl=1,HNSCC,10x,92569.0,48.0
2,head-and-neck,KÃ¼rten et al. 2021,https://www.nature.com/articles/s41467-021-27619-4,https://www.dropbox.com/sh/joxorlh80a9pv9e/AABNf1vJYgpbamWds69xLSZWa?dl=1,https://www.dropbox.com/scl/fi/fneslxg2wk7f220romjci/Meta-data_K-rten2021_Head-and-Neck.csv?rlkey=ite5aq7eh0iy4189pz2xyd7q4&dl=1,HNSCC,10x,62700.0,33.0
3,head-and-neck,Puram et al. 2017,https://www.sciencedirect.com/science/article/pii/S0092867417312709,https://www.dropbox.com/sh/5om04jwfc5jjy4w/AACI8RnGKGjJFutgS54Qk1jea?dl=1,https://www.dropbox.com/scl/fi/kdm9uuvgy5cl25d56n2z7/Meta-data_Puram2017_Head-and-Neck.csv?rlkey=u7mq5jy949cuwwk7si6a4eje3&dl=1,HNSCC,SmartSeq2,5902.0,18.0
4,lung,Bischoff et al. 2021,https://www.nature.com/articles/s41388-021-02054-3,https://www.dropbox.com/sh/oa9fiez1dgts4c1/AACgyklKuUBPIGMyBUEFxZJga?dl=1,https://www.dropbox.com/scl/fi/6bzuhhml1watvrb6hi0p7/Meta-data_Bischoff2021_Lung.csv?rlkey=0q5cs996swl4sgz56rkh1lpbk&dl=1,Lung adenocarcinoma,10x,120961.0,20.0
5,lung,Chan et al. 2021,https://www.cell.com/cancer-cell/fulltext/S1535-6108(21)00497-9,https://www.dropbox.com/sh/81uz1hlrv4jhpgk/AAAoe6St1_YPhV3HdGk3BS_Aa?dl=1,https://www.dropbox.com/scl/fi/nhenfikoem05b15bqt005/Meta-data_Chan2021_Lung.csv?rlkey=ecqjlxzhngamyko3urapd5fdo&dl=1,"SCLC, Lung Adenocarcinoma",10x,86662.0,37.0
6,lung,Guo et al. 2018,https://www.nature.com/articles/s41591-018-0045-3,https://www.dropbox.com/sh/agqwrn8n4jeeyb3/AABUCIleQPkVBXogpfGffZ3ea?dl=1,https://www.dropbox.com/scl/fi/ic5hzymyr3safsbe5ishx/Meta-data_Guo2018_Lung.csv?rlkey=frgf0avononl6lgjdfpy9qwf5&dl=1,NSCLC,SmartSeq2,12344.0,40.0
7,lung,Ireland et al. 2020,https://www.sciencedirect.com/science/article/pii/S153561082030218X,https://www.dropbox.com/sh/ma3xg042vxuu5h2/AABM5qlyQ6UCF6CfQo4A1X-la?dl=1,https://www.dropbox.com/scl/fi/fbiak241vs1ejsdq8gi0r/Meta-data_Ireland2020_Lung.csv?rlkey=q5j6c7qrdp80l51raykcq7vqd&dl=1,SCLC,10x,31258.0,12.0
8,lung,Kim et al. 2020,https://www.nature.com/articles/s41467-020-16164-1,https://www.dropbox.com/sh/97paub4mfkcviz1/AADXOe8pWbvlolETToAte3GYa?dl=1,https://www.dropbox.com/scl/fi/x7sbrhizwx3psdatxtgba/Meta-data_Kim2020_Lung.csv?rlkey=51htgx5nhgwoewdi8edvmriwx&dl=1,Lung adenocarcinoma,10x,32493.0,14.0
9,lung,Laughney et al. 2020,https://www.nature.com/articles/s41591-019-0750-6,https://www.dropbox.com/sh/brhl99vockjblt9/AABhvs2J8ZZDPpDh_tTtNaaRa?dl=1,https://www.dropbox.com/scl/fi/8a5pt0nk0ftdn4dedaokp/Meta-data_Laughney2020_Lung.csv?rlkey=1eg1cyo84pks08eh7us80psdc&dl=1,Lung cancer,10x,40505.0,17.0
10,lung,Maynard et al. 2020,https://www.sciencedirect.com/science/article/pii/S0092867420308825,https://www.dropbox.com/sh/zswcwocr779yqpy/AAAGQrC2veR1NUHuGIHzsl4Fa?dl=1,https://www.dropbox.com/scl/fi/jhdq0zabykalmk7t2btw2/Meta-data_Maynard2020_Lung.csv?rlkey=hsnad6ptg2tnezgmd0jtooh01&dl=1,Lung cancer,SmartSeq2,19777.0,50.0
11,lung,Qian et al. 2020,https://www.nature.com/articles/s41422-020-0355-0,https://www.dropbox.com/sh/8w0po62qn8zhch6/AAADNFQBTqA9DWdYpjzl6a0ja?dl=1,https://www.dropbox.com/scl/fi/bcmebt93xuj1483zztgx9/Meta-data_Qian2020_Lung.csv?rlkey=n79dopxmzh022pcybdb3vr37k&dl=1,Lung cancer,10x,27262.0,8.0
12,lung,Song et al. 2019,https://onlinelibrary.wiley.com/doi/10.1002/cam4.2113,https://www.dropbox.com/sh/35qtcc8ez342ciz/AADfE_vNRhxr6_r9kRjiYGqha?dl=1,https://www.dropbox.com/scl/fi/k42lof0xuhnkkihbj0uvb/Meta-data_Song2019_Lung.csv?rlkey=s6fkl6nyhc3e4loe80aoqj3e7&dl=1,NSCLC,10x,11453.0,8.0
13,lung,Xing et al. 2021,https://advances.sciencemag.org/content/7/5/eabd9738,https://www.dropbox.com/sh/tc97x7pasor3o9j/AAARVhu755DFNfhzLVNYsS42a?dl=1,https://www.dropbox.com/scl/fi/ouuu2f6dubtkdk3pk6yjf/Meta-data_Xing2021_Lung.csv?rlkey=vviedvwgglkfwp67fzw65cn3r&dl=1,Lung cancer,10x,118293.0,31.0
14,lung,Zilionis et al. 2019,https://www.sciencedirect.com/science/article/pii/S1074761319301268,https://www.dropbox.com/sh/o94trx60jhr24o5/AADmi74D-RMavk21j-3jAFCLa?dl=1,https://www.dropbox.com/scl/fi/38x0i90tw9be9oldguwhv/Meta-data_Zilionis2019_Lung.csv?rlkey=ugml55ttrsi2hkzxu3sje84r3&dl=1,NSCLC,inDrop,31179.0,7.0
15,liverbiliary,Ma et al. 2019,http://www.sciencedirect.com/science/article/pii/S1535610819303757,https://www.dropbox.com/sh/ixc2yusinnmfbfj/AADSbyAWydDRRGr_-uj9zO59a?dl=1,https://www.dropbox.com/scl/fi/6dzfu3gk25hvlwjx1lepf/Meta-data_Ma2019_Liver-Biliary.csv?rlkey=u0cgonp763kozzblv0v9r6ok8&dl=1,HCC/iCCA,10x,3018.0,8.0
16,liverbiliary,Sharma et al. 2020,https://www.sciencedirect.com/science/article/pii/S0092867420310825,https://www.dropbox.com/sh/the837sl0f2qvqt/AADgYjXHBBC3ef7C8YlnFFiza?dl=1,https://www.dropbox.com/scl/fi/g5i90f680hgpueriy0vnl/Meta-data_Sharma2020_Liver-Biliary.csv?rlkey=8dwhkxc4s72ssz6eewlqq116x&dl=1,HCC,10x,73589.0,58.0
17,liverbiliary,Sun et al. 2021,https://www.sciencedirect.com/science/article/pii/S0092867420316135,https://www.dropbox.com/sh/9f7n9vwijax1qex/AACvEOfv15uUyWBOg4nXBUO7a?dl=1,https://www.dropbox.com/scl/fi/pmvei1d2tyww765s1zrz1/Meta-data_Sun2021_Liver-Biliary.csv?rlkey=wa5iove8b7amubc5wc0ioilvo&dl=1,HCC,10x,16498.0,18.0
18,liverbiliary,Zhang et al. 2019,https://www.sciencedirect.com/science/article/pii/S0092867419311195,https://www.dropbox.com/sh/ajxrze7aj7wbrm2/AADGe_SuTbYafruu1cGQizw4a?dl=1,https://www.dropbox.com/scl/fi/rqxighc2qxi8ici7giako/Meta-data_Zhang2019_Liver-Biliary.csv?rlkey=5cqg7e82k4fbbrddsd4ydvpqx&dl=1,HCC,"10x, SmartSeq2",68764.0,56.0
19,liverbiliary,Zheng et al. 2017,https://www.sciencedirect.com/science/article/pii/S0092867417305962,https://www.dropbox.com/sh/ifdk3suf0sd3pfi/AACD-d1JKCNmVboZdSI-Y_EZa?dl=1,https://www.dropbox.com/scl/fi/ka5o1evlyctcsq3brzpb2/Meta-data_Zheng2017_Liver-Biliary.csv?rlkey=mwoy0dcqh5vw6fvh636dqxvjd&dl=1,HCC,10x,5059.0,6.0
20,kidney,Bi et al. 2021,https://www.sciencedirect.com/science/article/pii/S1535610821001173,https://www.dropbox.com/sh/ra1pr0q1kfemu01/AAAm2KmDMpYgOzC9IrohzaGua?dl=1,https://www.dropbox.com/scl/fi/qgvd4rlz4qgryqkbekuej/Meta-data_Bi2021_Kidney.csv?rlkey=thhfqtnx31sj4y2lokflypc5r&dl=1,RCC,10x,34326.0,8.0
21,kidney,Krishna et al. 2021,https://www.sciencedirect.com/science/article/pii/S1535610821001653,https://www.dropbox.com/sh/jb0krf5qen7u4ew/AABKXryiCGolAXpvHW_2-zRwa?dl=1,https://www.dropbox.com/scl/fi/cnsr4mhoidb1lug9e1xkt/Meta-data_Krishna2021_Kidney.csv?rlkey=634np49mq5wzoqjhchuvl92pe&dl=1,RCC,10x,167283.0,29.0
22,kidney,Obradovic et al. 2021,https://www.sciencedirect.com/science/article/pii/S0092867421005730,https://www.dropbox.com/sh/6orj3hs39q7w1ek/AAD5VCNCmmd_eHGyMwIcQpKLa?dl=1,https://www.dropbox.com/scl/fi/84b782ocyuncen71grsjz/Meta-data_Obradovic2021_Kidney.csv?rlkey=u2wrldo54uq5n0nzb5es7mn7l&dl=1,RCC,10x,19781.0,8.0
23,kidney,Young et al. 2018,https://science.sciencemag.org/content/361/6402/594,https://www.dropbox.com/sh/xdljzs13dutpiyj/AACPO69bAqnPHdWZ1s4waUGxa?dl=1,https://www.dropbox.com/scl/fi/kzc9l9t7dx9jkjy20u66q/Meta-data_Young2018_Kidney.csv?rlkey=xrzxbj5q6x5vfa26r7kpysnek&dl=1,"Wilms tumor, ccRCC, papillary RCC",10x,125139.0,66.0
24,kidney,Zhang et al. 2021,https://www.pnas.org/content/118/24/e2103240118,https://www.dropbox.com/sh/l24b2tojet3rg4m/AAC7Nr6szNnbkyRsqws7kL-Ya?dl=1,https://www.dropbox.com/scl/fi/4m08tta6i8m53ocjkpdy3/Meta-data_Zhang2021_Kidney.csv?rlkey=ncpavehqzp1w4s09jtjwo5iar&dl=1,RCC,10x,29474.0,14.0
25,prostate,Chen et al. 2021,https://www.nature.com/articles/s41556-020-00613-6,https://www.dropbox.com/sh/gcbvhz5y2tzm7zj/AACkKvT8qcF9PD4K_x4HzaHYa?dl=1,https://www.dropbox.com/scl/fi/znc8fjmre1agm9hd6gzbn/Meta-data_Chen2021_Prostate.csv?rlkey=srebcljfjxultyn6jaovscvk2&dl=1,Prostate cancer,10x,36424.0,13.0
26,prostate,Dong et al. 2020,https://www.nature.com/articles/s42003-020-01476-1,https://www.dropbox.com/sh/kjzil5p1ezdxlhv/AABnRMKJ0nMHG1xcbe9GPdc3a?dl=1,https://www.dropbox.com/scl/fi/hhmsbllg9u8kns5v5kzq2/Meta-data_Dong2020_Prostate.csv?rlkey=g1xfslirmg444k3xtfxuyth5s&dl=1,Prostate cancer,10x,21292.0,6.0
27,prostate,He et al. 2021,https://www.nature.com/articles/s41591-021-01244-6,https://www.dropbox.com/sh/ngijs4f5a86uodu/AADDhXezzhG9Mb9R6zsorKhda?dl=1,https://www.dropbox.com/scl/fi/0m5awtiy72szqbou30jc5/Meta-data_He2021_Prostate.csv?rlkey=h3uvynandwhwhtqbqxrt2ho1e&dl=1,Metastatic prostate cancer,SmartSeq2,2170.0,15.0
28,prostate,Song et al. 2022,https://www.nature.com/articles/s41467-021-27322-4,https://www.dropbox.com/sh/r182qwk31j517dk/AAA9J5eqe0-mC2MhG2kNoeODa?dl=1,https://www.dropbox.com/scl/fi/6tvu1esc93s1rcmel0lth/Meta-data_Song2022_Prostate.csv?rlkey=x1xq0cm5whe3p6nj7o3q4ze97&dl=1,Prostate cancer,Seq-Well S3,21743.0,15.0
29,sarcoma,Jerby-Arnon et al. 2021,https://www.nature.com/articles/s41591-020-01212-6,https://www.dropbox.com/sh/45tbe2g69ly9akx/AABVZJnkcpNIOYpt9KcHRrZCa?dl=1,https://www.dropbox.com/scl/fi/s29icu1s1kmlcfmwhanmo/Meta-data_Jerby-Arnon2021_Sarcoma.csv?rlkey=jx1poca0yse2s51h813e5b7j9&dl=1,Synovial sarcoma,"10x, SmartSeq2",16125.0,15.0
30,sarcoma,Zhou et al. 2020,https://www.nature.com/articles/s41467-020-20059-6,https://www.dropbox.com/sh/x4ryjt5wpyca186/AADDEHP8x99NrtoMDq5tOAS_a?dl=1,https://www.dropbox.com/scl/fi/s7p29ide1xc6hqnqsvxwu/Meta-data_Zhou2020_Sarcoma.csv?rlkey=8vx9zw1konckcnjkqhdl250fj&dl=1,Osteosarcoma,10x,64557.0,11.0
31,othermodels,Aynaud et al. 2020,https://www.sciencedirect.com/science/article/pii/S2211124720300747,https://www.dropbox.com/sh/mxrcqc0rxm6omdx/AAB5sQu31hh9i31BtqSAPjbTa?dl=1,https://www.dropbox.com/scl/fi/5bsl56fghikdm8ldc7df9/Meta-data_Aynaud2020_Other-Models.csv?rlkey=ztjfc9gagfs1l9cnu0zqtnw62&dl=1,Ewing sarcoma,"10x, Fluidigm C1",16337.0,14.0
32,othermodels,Cui et al. 2021,https://academic.oup.com/neuro-oncology/advance-article/doi/10.1093/neuonc/noab102/6256973,https://www.dropbox.com/sh/nnngfq0zhitzg5k/AACvv4QrdxeXL5yHsqJG9c0Qa?dl=1,https://www.dropbox.com/scl/fi/03m8nktri2yk7100dxtef/Meta-data_Cui2021_Other-Models.csv?rlkey=lkz0lym4v96spn7s9ua2on5x3&dl=1,Pituitary neuroendocrine tumors,STRT seq,2679.0,23.0
33,othermodels,Dost et al. 2020,https://www.sciencedirect.com/science/article/pii/S193459092030360X,https://www.dropbox.com/sh/0ydy36jsgm2l2ns/AAAfOLUuFkg35C6IAAhrEql9a?dl=1,https://www.dropbox.com/scl/fi/4fp4lfo2b64fwwghascfp/Meta-data_Dost2020_Other-Models.csv?rlkey=k3ntldflx3q6c1hd7pjqltfc6&dl=1,Lung cancer,10x,32661.0,10.0
34,othermodels,Durante et al. 2020,https://www.nature.com/articles/s41467-019-14256-1,https://www.dropbox.com/sh/9lt338a8hpcmhqj/AABze_MT3CojdJnybae1hSuZa?dl=1,https://www.dropbox.com/scl/fi/gx8xpob282hhuf3zny11r/Meta-data_Durante2020_Other-Models.csv?rlkey=7nwrbxhtoxhzih0e47qxcatdl&dl=1,Uveal melanoma,10x,103703.0,11.0
35,othermodels,Ebinger et al. 2016,https://www.sciencedirect.com/science/article/pii/S1535610816305086,https://www.dropbox.com/sh/bh7jvxh384aedr3/AACyXS0IfEcRVOFfCiTEC0r5a?dl=1,https://www.dropbox.com/scl/fi/wsxfxei6zn1jpjtop69rh/Meta-data_Ebinger2016_Other-Models.csv?rlkey=u71gsbb0uma1wqkgn5p8felmm&dl=1,ALL,SMARTer,185.0,5.0
36,othermodels,Franses et al. 2017,https://theoncologist.onlinelibrary.wiley.com/doi/full/10.1634/theoncologist.2017-0234,https://www.dropbox.com/sh/l7k493jso22g1xy/AABfEFCBAxy3NwquMILXtKh9a?dl=1,https://www.dropbox.com/scl/fi/vuqmp8lvtir49duuai7as/Meta-data_Franses2017_Other-Models.csv?rlkey=kkg5hwetfbedb74na3n2l04wr&dl=1,IPMN/PDAC,,34.0,3.0
37,othermodels,Franses et al. 2020,https://www.nature.com/articles/s41467-020-17150-3,https://www.dropbox.com/sh/sn9bu19pgvrnmoc/AAA2iV__nTHF-eKYuI2PMlF_a?dl=1,https://www.dropbox.com/scl/fi/zkwkalbsmj8os4z3aytpu/Meta-data_Franses2020_Other-Models.csv?rlkey=u6rr5nel43weenf6gyzniowzk&dl=1,PDAC,10x,81.0,4.0
38,othermodels,Gonzalez et al. 2022,https://www.sciencedirect.com/science/article/abs/pii/S0092867421015658,https://www.dropbox.com/sh/x18p7yl80aej78e/AAD4y8UzY6K_5P5lhd8RrveTa?dl=1,https://www.dropbox.com/scl/fi/rzrt6xzi3ix4hychewlgy/Meta-data_Gonzalez2022_Other-Models.csv?rlkey=2irsjd92pnree1d91c9w9gwbn&dl=1,Brain metastases,10x,99150.0,15.0
40,othermodels,Hollern et al. 2019,https://www.sciencedirect.com/science/article/pii/S009286741931178X,https://www.dropbox.com/sh/19lumg73y5pqqqj/AAD-2bMO9CzjAibgovHmakRua?dl=1,https://www.dropbox.com/scl/fi/7plmowjn6ypv3h5uyyb60/Meta-data_Hollern2019_Other-Models.csv?rlkey=5qrh28uhyv3ni0v0zrkblz8xd&dl=1,TNBC,10x,27532.0,4.0
41,othermodels,Jansky et al. 2021,https://www.nature.com/articles/s41588-021-00806-1,https://www.dropbox.com/sh/t49t2dhb359d3c0/AACb6LrT8uu5bu4Jsz9HffvEa?dl=1,https://www.dropbox.com/scl/fi/fcpx3ab2uv78bav9883ov/Meta-data_Jansky2021_Other-Models.csv?rlkey=k07g44yjzjwnf2cta0nnodxjb&dl=1,Neuroblastoma,MARS-seq,4028.0,4.0
42,othermodels,Jordan et al. 2016,https://www.nature.com/articles/nature19328,https://www.dropbox.com/sh/ylab24ri113wn4a/AAAkRPh1pEEmjPyEercDYHyga?dl=1,https://www.dropbox.com/scl/fi/er49xb772mx2wjlhmwxa8/Meta-data_Jordan2016_Other-Models.csv?rlkey=kq765hw4hhg2sml3vayrjx7bo&dl=1,Breast cancer,,74.0,16.0
43,othermodels,Kinker et al. 2020,https://www.nature.com/articles/s41588-020-00726-6,https://www.dropbox.com/sh/emo0a8f6m2hq7a0/AACjVA6Dl0xPEKpNnQKVhcfqa?dl=1,https://www.dropbox.com/scl/fi/grqgi96m4xn1l4m5dvy32/Meta-data_Kinker2020_Other-Models.csv?rlkey=xosupyendq7eqfonuwcy2wh9z&dl=1,CCLE collection,10x,53513.0,198.0
44,othermodels,Kumar et al. 2022,https://cancerdiscovery.aacrjournals.org/content/early/2021/10/11/2159-8290.CD-21-0683,https://www.dropbox.com/sh/wso7d0c3hbx622s/AAAUC6nnRwQQvu3L7yfJGzxAa?dl=1,https://www.dropbox.com/scl/fi/c81nbysb4ek2hq2z096nq/Meta-data_Kumar2022_Other-Models.csv?rlkey=mklphxl9jyq63yektbksw9daw&dl=1,Gastric cancer,10x,158500.0,40.0
45,othermodels,Ligorio et al. 2019,https://www.sciencedirect.com/science/article/pii/S0092867419305100,https://www.dropbox.com/sh/se8rprbmws9mp53/AADlA0qSXWSsIlzWkl1gLPn9a?dl=1,https://www.dropbox.com/scl/fi/3e1apynxxppsc58r4ofwu/Meta-data_Ligorio2019_Other-Models.csv?rlkey=4chv49osk0etrzw4kko8giz5h&dl=1,PDAC,SMARTer,93.0,4.0
46,othermodels,Massalha et al. 2020,https://www.embopress.org/doi/full/10.15252/msb.20209682,https://www.dropbox.com/sh/yr73yngokxveeki/AADIAM0jovySadFuEhRmHsLUa?dl=1,https://www.dropbox.com/scl/fi/e1t98rp0vqhfptmnq9ifc/Meta-data_Massalha2020_Other-Models.csv?rlkey=c2jh8b3oi1dx9sf5av2ipza98&dl=1,"Liver metastases (CRC, Cholangiocarcinoma)",10x,1354.0,5.0
47,othermodels,Mercatelli et al. 2021,https://www.mdpi.com/2218-273X/11/2/177/htm,https://www.dropbox.com/sh/hczn2gnx0auvheb/AACUfZaK1kzh-jrvB3ypmRqZa?dl=1,https://www.dropbox.com/scl/fi/mfdz5dlxufrkh03gn2ehz/Meta-data_Mercatelli2021_Other-Models.csv?rlkey=y1na9a7xn55z2chl8c97oo1c0&dl=1,Neuroblastoma,10x,2067.0,2.0
48,othermodels,Miyamoto et al. 2015,https://science.sciencemag.org/content/349/6254/1351,https://www.dropbox.com/sh/evavt9velbe0eio/AAA89kVWiChllRrIIfePT1kNa?dl=1,https://www.dropbox.com/scl/fi/qhuy5qns6th6ligycyand/Meta-data_Miyamoto2015_Other-Models.csv?rlkey=tgykz9t6t7b77fgf9p9q9my59&dl=1,Prostate cancer,,169.0,26.0
49,othermodels,Raghavan et al. 2021,https://www.cell.com/cell/fulltext/S0092-8674(21)01332-5,https://www.dropbox.com/sh/ayyhi7e89jkt1nd/AABKN6wOWJckYdxnPaovgLHIa?dl=1,https://www.dropbox.com/scl/fi/83c1oiznv2vqftib0shnf/Meta-data_Raghavan2021_Other-Models.csv?rlkey=80tyhpad0l0ij9g3g2ugp801o&dl=1,PDAC,Seq-Well,41663.0,53.0
50,othermodels,Sun et al. 2021,https://www.nature.com/articles/s41467-021-24386-0,https://www.dropbox.com/sh/zbwnut5hst349x6/AABstIFh5Is0spDENHsgC9xia?dl=1,https://www.dropbox.com/scl/fi/r1p5gzr6eqm6plsbqvuh1/Meta-data_Sun2021_Other-Models.csv?rlkey=xd1icmv1ckfz0u9waelaybotd&dl=1,HCC CTCs,SmartSeq2,113.0,10.0
51,othermodels,Yao et al. 2020,https://www.nature.com/articles/s41467-020-17492-y,https://www.dropbox.com/sh/4aryn2ay9p7cj1v/AACabR3vQvNc_-ZEAAhsgrJza?dl=1,https://www.dropbox.com/scl/fi/sutzj0qdo80rsz606uca4/Meta-data_Yao2020_Other-Models.csv?rlkey=bx883w82ysrnm68wed53avbh4&dl=1,ESCC,10x,35847.0,6.0
52,othermodels,Yu et al. 2012,https://www.nature.com/articles/nature11217,https://www.dropbox.com/sh/hb4gs9b7q9lnvag/AAAyZxGOFumAGJViwTJy1EH2a?dl=1,https://www.dropbox.com/scl/fi/4iwq3n53hs803utv6v2c9/Meta-data_Yu2012_Other-Models.csv?rlkey=74iu6njm3vf6qh5htwdepg5fi&dl=1,PDAC,EpCAM or IgG CTC-Chip,32.0,2.0
53,othermodels,Zhang et al. 2019,https://www.sciencedirect.com/science/article/pii/S221112471930525X,https://www.dropbox.com/sh/5z1lsug3kl4zwir/AADb9vooXsVy6ZsPgsEPaMy1a?dl=1,https://www.dropbox.com/scl/fi/7ub3p1canmxilw9p5bvv8/Meta-data_Zhang2019_Other-Models.csv?rlkey=05xazikbm9ex9spkarc09rmyq&dl=1,Gastric cancer,10x,41554.0,13.0
54,brain,Choudhury et al. 2022,https://www.nature.com/articles/s41588-022-01061-8,https://www.dropbox.com/sh/3ry2dboucxjcvz5/AAB-zM_xlCOOTKL_jZFgWLx0a?dl=1,https://www.dropbox.com/scl/fi/qj99hb9svuk6o2g9zafwb/Meta-data_Choudhury2022_Brain.csv?rlkey=fvrb3qro2bqpuarh5t944unnt&dl=1,Meningioma,10x,58843.0,10.0
55,brain,Couturier et al. 2020,https://www.nature.com/articles/s41467-020-17186-5,https://www.dropbox.com/sh/57p62ih92q8xk5f/AADsPp-aqlDJMCcG35dabKNda?dl=1,https://www.dropbox.com/scl/fi/zsm9rr4cy7tbiu0csmp42/Meta-data_Couturier2020_Brain.csv?rlkey=xgnafs5wv3kw8oi5txpd769ch&dl=1,GBM,10x,100335.0,29.0
56,brain,Darmanis et al. 2017,https://www.sciencedirect.com/science/article/pii/S2211124717314626,https://www.dropbox.com/sh/qmzsnapewjsdl7y/AABSR2bdf9rOLfQ0f3Xp-vRPa?dl=1,https://www.dropbox.com/scl/fi/83dica1f50qk01z9wfrlw/Meta-data_Darmanis2017_Brain.csv?rlkey=0i6cyhruyx5f7ay3nusqqg2nh&dl=1,GBM,SmartSeq2,3589.0,4.0
57,brain,Filbin et al. 2018,https://science.sciencemag.org/content/360/6386/331,https://www.dropbox.com/sh/wj2ikv9ra90r8q0/AAC1zH1mhlfDZFLcVR9njpPpa?dl=1,https://www.dropbox.com/scl/fi/wq3mhtxk2co9b9zm56sd7/Meta-data_Filbin2018_Brain.csv?rlkey=vr2injynsuiaup1k00yyrg6iu&dl=1,Pediatric H3-K27M mutant glioma,SmartSeq2,2587.0,7.0
58,brain,Gojo et al. 2020,https://www.sciencedirect.com/science/article/pii/S1535610820303081,https://www.dropbox.com/sh/o3qmkgfb55zlkp2/AACLJJiT187Ce8IwrGepjPjfa?dl=1,https://www.dropbox.com/scl/fi/zlmt27y3uovgma7mofd4w/Meta-data_Gojo2020_Brain.csv?rlkey=z35fkvytdecxjbrnpel7bxap0&dl=1,Pediatric ependymoma,SmartSeq2,6739.0,25.0
59,brain,Hovestadt et al. 2019,https://www.nature.com/articles/s41586-019-1434-6,https://www.dropbox.com/sh/jwqnyvblx6pew3f/AADwt2Ntq1iBjj_OP4SDkhKMa?dl=1,https://www.dropbox.com/scl/fi/byqittifz1kistaejv8iy/Meta-data_Hovestadt2019_Brain.csv?rlkey=akth11mde1ibf5bb3k9orc4kg&dl=1,Medulloblastoma,SmartSeq2,8691.0,36.0
60,brain,Neftel et al. 2019,https://www.sciencedirect.com/science/article/pii/S0092867419306877,https://www.dropbox.com/sh/zm7d35s1bmxop5m/AAAmtJie6F3kOprXLzj8LvzJa?dl=1,https://www.dropbox.com/scl/fi/2lqmkaugpxuo0nw9v7ctb/Meta-data_Neftel2019_Brain.csv?rlkey=nmnl6eg7p0jisctsjqcbizvpz&dl=1,GBM,SmartSeq2,24131.0,38.0
61,brain,Tirosh et al. 2016,https://www.nature.com/articles/nature20123,https://www.dropbox.com/sh/17bt947fqlh948t/AAAft1LURCZewaQl2EzqoP9La?dl=1,https://www.dropbox.com/scl/fi/q9xbwfeekm0yx2lysyb8m/Meta-data_Tirosh2016_Brain.csv?rlkey=bbops0vfpwtyhi9c6w0bxw0ox&dl=1,IDH-mutant oligodendroglioma,SmartSeq2,4347.0,6.0
62,brain,Venteicher et al. 2017,https://science.sciencemag.org/content/355/6332/eaai8478,https://www.dropbox.com/sh/qdaegi1iqyorudz/AADlMnIwOUN42GvHjLCUEz0Aa?dl=1,https://www.dropbox.com/scl/fi/gov9qdl6wdfksv27zt7sz/Meta-data_Venteicher2017_Brain.csv?rlkey=5kt6sbqklpbfh01z6n7g33xcx&dl=1,IDH-mutant astrocytoma,SmartSeq2,6341.0,10.0
63,brain,Wang et al. 2019,https://cancerdiscovery.aacrjournals.org/content/9/12/1708.long,https://www.dropbox.com/sh/j8jx4n1i2xitruw/AAAC-fwaOwZznLR5QaJK3Zxfa?dl=1,https://www.dropbox.com/scl/fi/g5dciccouvp3pk6559hd8/Meta-data_Wang2019_Brain.csv?rlkey=14b3wv5bxxn0a4ws6hw7exmjn&dl=1,GBM,10x,16317.0,10.0
64,brain,Yuan et al. 2018,https://genomemedicine.biomedcentral.com/articles/10.1186/s13073-018-0567-9,https://www.dropbox.com/sh/rkqn98n96r3vxmz/AACYxR7Jb-hJoPQKZCWfLwz1a?dl=1,https://www.dropbox.com/scl/fi/9h7b5w0r701honktqd0rl/Meta-data_Yuan2018_Brain.csv?rlkey=rzi65u6ozxn4v48e168erfgdm&dl=1,HGG,Microwell array-based platform,23793.0,8.0
65,breast,Azizi et al. 2018,https://www.sciencedirect.com/science/article/pii/S0092867418307232,https://www.dropbox.com/sh/n0fcm3zs9pgf5iv/AACax6BkZ465seG0I-Ybas9ma?dl=1,https://www.dropbox.com/scl/fi/ljsvbmqg7drw5mewjg52a/Meta-data_Azizi2018_Breast.csv?rlkey=f5tn42s6bixnc3cpvvl5j027v&dl=1,Breast cancer,"10x, InDrop",48354.0,61.0
66,breast,Bassez et al. 2021,https://www.nature.com/articles/s41591-021-01323-8,https://www.dropbox.com/sh/zzbvaos2m37157h/AABoiJVLTvM484uFfiMp3IyVa?dl=1,https://www.dropbox.com/scl/fi/n7c6o1fe9sywi78wwiz0y/Meta-data_Bassez2021_Breast.csv?rlkey=adk2e4dxnhhil7eb5gpf1x6rh&dl=1,Breast cancer,10x,226635.0,42.0
67,breast,Chung et al. 2017,https://www.nature.com/articles/ncomms15081,https://www.dropbox.com/sh/10tk4t69buyy4h8/AACKTXwAYB2FDO7zfCQz9Frpa?dl=1,https://www.dropbox.com/scl/fi/cfjqkyp01hwocc1bumuaf/Meta-data_Chung2017_Breast.csv?rlkey=nbaiwnypr2lc061yn9c5t9fy5&dl=1,Breast cancer,SmartSeq2,515.0,13.0
68,breast,Gao et al. 2021,https://www.nature.com/articles/s41587-020-00795-2,https://www.dropbox.com/sh/r7gig083nnphm16/AAC5I-5AGAOI-q2ArznshZB3a?dl=1,https://www.dropbox.com/scl/fi/fm5mmrrcssf0kkn7jihf9/Meta-data_Gao2021_Breast.csv?rlkey=px738vlpd14jfiyd6oaeih172&dl=1,Breast cancer,10x,29992.0,11.0
69,breast,Griffiths et al. 2021,https://www.nature.com/articles/s43018-021-00215-7,https://www.dropbox.com/sh/15w8ws0v4nckvnt/AAALtYodZY4DQK0YDn4djIfWa?dl=1,https://www.dropbox.com/scl/fi/sdsca7kopnum3ynws88dh/Meta-data_Griffiths2021_Breast.csv?rlkey=9lu09ueuo3fu4qwuv029z2eka&dl=1,Breast cancer,"10x, iCell8",111372.0,95.0
70,breast,Gulati et al. 2020,https://www.science.org/doi/10.1126/science.aax0249,https://www.dropbox.com/sh/mozppqobcpz3otp/AADLSBmymwRE7VW8pbT6M18ea?dl=1,https://www.dropbox.com/scl/fi/5f4mncds50f8wsssmf3a6/Meta-data_Gulati2020_Breast.csv?rlkey=v1u5jvibdwnaz0xo02846lqbp&dl=1,Breast cancer,SmartSeq2,1902.0,15.0
71,breast,Jordan et al. 2016,https://www.nature.com/articles/nature19328,https://www.dropbox.com/sh/phkw22dvjafh16y/AACH_9_1nCb4hD4WrtB2SWwoa?dl=1,https://www.dropbox.com/s/mr4ngwjqbxqdqd4/Meta-data_Jordan2016_Breast.csv?dl=1,Breast cancer,,74.0,2.0
72,breast,Karaayvas et al. 2018,https://www.nature.com/articles/s41467-018-06052-0,https://www.dropbox.com/sh/iqqpswgtz787fsk/AAB2BSbWfZ72yPxHiKAvrOxoa?dl=1,https://www.dropbox.com/scl/fi/vl1wru4z4rasuqmm1r8dq/Meta-data_Karaayvas2018_Breast.csv?rlkey=gvm8jh5h7golkfknmy6wo1pbk&dl=1,Breast cancer,SmartSeq2,1534.0,6.0
73,breast,Kim et al. 2018,https://www.sciencedirect.com/science/article/pii/S0092867418303659,https://www.dropbox.com/sh/cs02eyx4a5ee36p/AABhnbTCr2pbrgDBvOVf0Tr4a?dl=1,https://www.dropbox.com/scl/fi/z7mb1dqpr4md4cnvj9uiu/Meta-data_Kim2018_Breast.csv?rlkey=50402x8aw16liq4i2ywuhije8&dl=1,TNBC,Nanogrid,2472.0,16.0
74,breast,Pal et al. 2021,https://www.embopress.org/doi/full/10.15252/embj.2020107333,https://www.dropbox.com/sh/w1d8gjx1chwau9c/AADhE8boxzyK1BRdxv_bp5uDa?dl=1,https://www.dropbox.com/scl/fi/f26ehhw72tmgqe0rmp80i/Meta-data_Pal2021_Breast.csv?rlkey=8ywy386kykhsg1ho46e65y2zu&dl=1,Breast cancer,10x,305224.0,45.0
75,breast,Qian et al. 2020,https://www.nature.com/articles/s41422-020-0355-0,https://www.dropbox.com/sh/su007ogcuxmmptl/AACYthqwdkC0VJ7-MI9X2yI4a?dl=1,https://www.dropbox.com/scl/fi/9loi9atmnbz6tx4rqq4mz/Meta-data_Qian2020_Breast.csv?rlkey=ft9iueichcnt55etri9r7gtah&dl=1,Breast cancer,10x,16537.0,7.0
76,breast,Savas et al. 2018,https://www.nature.com/articles/s41591-018-0078-7,https://www.dropbox.com/sh/gc35dikza8gc9ny/AAAGeHxhI5VKgOyCEbxWNQKNa?dl=1,https://www.dropbox.com/scl/fi/u1jt5j7ju2dca83pz3058/Meta-data_Savas2018_Breast.csv?rlkey=tr305hiinffuif3vt4y3la8no&dl=1,TNBC,10x,6311.0,2.0
77,breast,Wu et al. 2021,https://www.nature.com/articles/s41588-021-00911-1,https://www.dropbox.com/sh/o9hnyckpxp1hp3m/AACjnvFCi0PPp5_NXIqbVetoa?dl=1,https://www.dropbox.com/scl/fi/ycvv35628wjbx8gxvokr6/Meta-data_Wu2021_Breast.csv?rlkey=b8cq1mp7dwrteetmgb8360a9e&dl=1,Breast cancer,10x,100064.0,26.0
78,pancreas,Hwang et al. 2022,https://www.nature.com/articles/s41588-022-01134-8,https://www.dropbox.com/sh/mdh4c8an9l00qkd/AADBhqDev1YSNnz0R-tuKLJAa?dl=1,https://www.dropbox.com/scl/fi/flumdum24xarelnjf57ul/Meta-data_Hwang2022_Pancreas.csv?rlkey=5pq9jjnsgzdl3z6lyjljaoi6t&dl=1,PDAC,10x,224988.0,43.0
79,pancreas,Lin et al. 2020,https://genomemedicine.biomedcentral.com/articles/10.1186/s13073-020-00776-9,https://www.dropbox.com/sh/btr94ro636ygmvc/AACqabZH4YzlcJR7odTYUg6wa?dl=1,https://www.dropbox.com/scl/fi/oqby0od79c7qyq8qsv09z/Meta-data_Lin2020_Pancreas.csv?rlkey=cpabz2e200x45x18xwj2v21du&dl=1,PDAC,10x,14926.0,16.0
80,pancreas,Moncada et al. 2020,https://www.nature.com/articles/s41587-019-0392-8,https://www.dropbox.com/sh/2u292n8ajg0plog/AADbzk5opB-G1V-SedWMlz5Ha?dl=1,https://www.dropbox.com/scl/fi/oprlr2iwz6yn7wq0hc0lk/Meta-data_Moncada2020_Pancreas.csv?rlkey=jq64j0n5esnfpiqg32q4fu8ct&dl=1,PDAC,inDrop,3659.0,2.0
81,pancreas,Peng et al. 2019,https://www.nature.com/articles/s41422-019-0195-y,https://www.dropbox.com/sh/ts3o4e2wlhsj77m/AAAXQ5K57_CPq8532SlZ9gLaa?dl=1,https://www.dropbox.com/scl/fi/irdqvpdgqss7o9bugci2g/Meta-data_Peng2019_Pancreas.csv?rlkey=zitzt52m0s8f3k02hmyn2eezf&dl=1,PDAC,10x,27953.0,16.0
82,pancreas,Raghavan et al. 2021,https://www.cell.com/cell/fulltext/S0092-8674(21)01332-5,https://www.dropbox.com/sh/tge1exj51f02ial/AABUXv2lLYuv5uRZYDJ7SxKZa?dl=1,https://www.dropbox.com/scl/fi/bwoo0p8ejgvtwltuv71xr/Meta-data_Raghavan2021_Pancreas.csv?rlkey=7a4vfa027bbnplrn7zam018n6&dl=1,PDAC,Seq-Well,24412.0,24.0
83,pancreas,Steele et al. 2020,https://www.nature.com/articles/s43018-020-00121-4,https://www.dropbox.com/sh/ezm2x4p7ffbou5h/AABmDK37iNqmEwZ1m3YB-h4Ka?dl=1,https://www.dropbox.com/scl/fi/u7utt6yzimiy22j2b8gb1/Meta-data_Steele2020_Pancreas.csv?rlkey=hpipmf4nd25c30mgl6pgmo01t&dl=1,PDAC,10x,48570.0,16.0
84,neuroendocrine,Dong et al. 2020,https://www.sciencedirect.com/science/article/pii/S1535610820304256,https://www.dropbox.com/sh/6hzo2ub6vczts4c/AABy7L5Gaq8-5DRRJeT8NvEpa?dl=1,https://www.dropbox.com/scl/fi/ma4vsoy18gmncxe3qt6gh/Meta-data_Dong2020_Neuroendocrine.csv?rlkey=ipdjy1l2xbm2st3tdr34juwxk&dl=1,Neuroblastoma,10x,55190.0,13.0
85,neuroendocrine,Jansky et al. 2021,https://www.nature.com/articles/s41588-021-00806-1,https://www.dropbox.com/sh/3500sntwcnex0v4/AAArbYlvU2bqmhlH0HtB_J4Va?dl=1,https://www.dropbox.com/scl/fi/3a1mxdktpdv0uzuu19l8u/Meta-data_Jansky2021_Neuroendocrine.csv?rlkey=cqk7cv0i2569qwo8hys5o1mvd&dl=1,Neuroblastoma,10x,64769.0,14.0
86,neuroendocrine,Kildisiute et al. 2021,https://advances.sciencemag.org/node/248364.full,https://www.dropbox.com/sh/308hqhndxcium5m/AAD0oUBkeEMnDlCEEbeSZc4Ea?dl=1,https://www.dropbox.com/scl/fi/kv0jny2uinhcnqlmzyfn2/Meta-data_Kildisiute2021_Neuroendocrine.csv?rlkey=lj8uhg9xal1yzh20cw0ztx7ie&dl=1,Neuroblastoma,"10x, CEL-seq2",19723.0,21.0
87,neuroendocrine,Rao et al. 2020,http://molecularcasestudies.cshlp.org/content/6/2/a004978.long,https://www.dropbox.com/sh/mhjoy7hxtiy4nhj/AAC682hq571HbKXWb3QBoP33a?dl=1,https://www.dropbox.com/scl/fi/rqwel3gj18nzywh6cqt0h/Meta-data_Rao2020_Neuroendocrine.csv?rlkey=3ywyaia5sdzs0dzsc09ia7wsb&dl=1,Small intestinal neuroendocrine tumor,10x,3158.0,2.0
88,colorectal,Chen et al. 2021,https://www.cell.com/cell/fulltext/S0092-8674(21)01381-7,https://www.dropbox.com/sh/ydla1ifdvv2j0w8/AADxKfQlZAqUW8J603KC4lhga?dl=1,https://www.dropbox.com/scl/fi/4j44zgoyu0y5tq1lo0y3f/Meta-data_Chen2021_Colorectal.csv?rlkey=ij1k8ailvjipceyqa4rfrp6tv&dl=1,Colon adenoma,Modified InDrop,122811.0,121.0
89,colorectal,Lee et al. 2020,https://www.nature.com/articles/s41588-020-0636-z,https://www.dropbox.com/sh/pvauenviguopkue/AADVbccY9ueRVAFTeJEEPxRwa?dl=1,https://www.dropbox.com/scl/fi/rlnwqase0rvp3jsain25h/Meta-data_Lee2020_Colorectal.csv?rlkey=bypvzpvxqwbuqf527816613zq&dl=1,CRC,10x,21657.0,15.0
90,colorectal,Li et al. 2017,https://www.nature.com/articles/ng.3818,https://www.dropbox.com/sh/egxy6eh8lgc5xbw/AABWgw7FidU_w3HRZwWBvJ6fa?dl=1,https://www.dropbox.com/scl/fi/ponoxb09me1ewhe71e8m7/Meta-data_Li2017_Colorectal.csv?rlkey=qa84d6p2xwhax2gjglr5688b6&dl=1,CRC,SmartSeq2,590.0,18.0
91,colorectal,Pelka et al. 2021,https://www.sciencedirect.com/science/article/pii/S0092867421009454,https://www.dropbox.com/sh/zmc8xh51254xnm7/AADPqlcXFNUZdk5YaIU3vzqka?dl=1,https://www.dropbox.com/scl/fi/pgzpvetpjaahx8o6fgxrg/Meta-data_Pelka2021_Colorectal.csv?rlkey=bj9zlx21l85rwy8wd2h8pb4tj&dl=1,Colorectal cancer,10x,370115.0,100.0
92,colorectal,Zhang et al. 2018,https://www.nature.com/articles/s41586-018-0694-x,https://www.dropbox.com/sh/5qyn352dwdiiym0/AAAUGRFYAmPwFp3UvfOfd8l6a?dl=1,https://www.dropbox.com/scl/fi/s590ku6gzu9vfry5d351f/Meta-data_Zhang2018_Colorectal.csv?rlkey=11bdipd0h4m7vntoehsajmcg6&dl=1,Colorectal cancer,SmartSeq2,11125.0,33.0
93,ovarian,Geistlinger et al. 2020,https://aacrjournals.org/cancerres/article/80/20/4335/645870/Multiomic-Analysis-of-Subtype-Evolution-and,https://www.dropbox.com/sh/hhhbhqd42v55mul/AAClqoTZsckp2wnJY4lZ4Bbqa?dl=1,https://www.dropbox.com/scl/fi/zj2x79qa8zcjmdt3fgy8r/Meta-data_Geistlinger2020_Ovarian.csv?rlkey=up924c1lpp7470gpjve0cpuko&dl=1,HGSOC,10x,41031.0,5.0
94,ovarian,Izar et al. 2020,https://www.nature.com/articles/s41591-020-0926-0,https://www.dropbox.com/sh/n8io7moqk88b8sb/AACBv7Fx48zGEm_hViotjjUua?dl=1,https://www.dropbox.com/scl/fi/8iloew2knj6yavw5n6yyo/Meta-data_Izar2020_Ovarian.csv?rlkey=59rm3anftfs9q12nvsmu0jnxy&dl=1,HGSOC,"10x, SmartSeq2",10788.0,14.0
95,ovarian,Nath et al. 2021,https://www.nature.com/articles/s41467-021-23171-3,https://www.dropbox.com/sh/c7xn90pzd2phwdl/AADvDjlukkrIz-D98AyvXvXsa?dl=1,https://www.dropbox.com/scl/fi/l3i8k4wlp3al29vpx72f9/Meta-data_Nath2021_Ovarian.csv?rlkey=eqaqnf6yecvj9zbeygji69apj&dl=1,HGSOC,"10x, iCell8",41729.0,18.0
96,ovarian,Olalekan et al. 2021,https://www.sciencedirect.com/science/article/pii/S2211124721005076,https://www.dropbox.com/sh/6nn2bpphv7wr945/AADxPg78iMCzrNl2rc01inuKa?dl=1,https://www.dropbox.com/scl/fi/j3jv9w53h5xv0r53hlv2t/Meta-data_Olalekan2021_Ovarian.csv?rlkey=d7ch3dhstlbk7vnyrau6x7hgt&dl=1,Ovarian,Drop-seq,9885.0,6.0
97,ovarian,Olbrecht et al. 2021,https://genomemedicine.biomedcentral.com/articles/10.1186/s13073-021-00922-x,https://www.dropbox.com/sh/61wbi5oas6qkpks/AACAYonPCijc4iOB0CgjGfDoa?dl=1,https://www.dropbox.com/scl/fi/guqx7uykxmfphw6hrta2r/Meta-data_Olbrecht2021_Ovarian.csv?rlkey=2sdz3y3zqud1df29d60kcnwyf&dl=1,HGSTOC,10x,15528.0,11.0
98,ovarian,Qian et al. 2020,https://www.nature.com/articles/s41422-020-0355-0,https://www.dropbox.com/sh/6wxi5kofc0aur6w/AACEVVNaetV5A8jaXhrRhCaua?dl=1,https://www.dropbox.com/scl/fi/j46d1u3qq1i53qiteaqhi/Meta-data_Qian2020_Ovarian.csv?rlkey=dmy4joeymuj1521pfe9nspg5z&dl=1,Ovarian,10x,16951.0,4.0
99,ovarian,Regner et al. 2021,https://www.sciencedirect.com/science/article/pii/S109727652100842X,https://www.dropbox.com/sh/6e3h7kcazxv43hm/AAAepFkkA_UEAIXc36D1MVzDa?dl=1,https://www.dropbox.com/scl/fi/oidvl508e8u7tqxwnbr51/Meta-data_Regner2021_Ovarian.csv?rlkey=k4h7vka7jhlnr4yuewqh4wz8f&dl=1,Ovarian and Endometrial tumors,10x,65144.0,11.0
100,ovarian,Shih et al. 2018,https://journals.plos.org/plosone/article?id=10.1371/journal.pone.0206785,https://www.dropbox.com/sh/20x7pe1pwdcst9n/AAAIVg4fHV52jOT4WS9ha8zfa?dl=1,https://www.dropbox.com/scl/fi/p52vc3wod0z44im5claq4/Meta-data_Shih2018_Ovarian.csv?rlkey=ya7rpfdcmpzmp2dulme5skgzx&dl=1,Ovarian cancer,SmartSeq2,1909.0,17.0
101,ovarian,Tang-Huau et al. 2018,https://www.nature.com/articles/s41467-018-04985-0,https://www.dropbox.com/sh/fmaykljsn1bnbls/AACcVKogsqjk29N3VfWSTacFa?dl=1,https://www.dropbox.com/scl/fi/sk3lvnit3hq19jykne3al/Meta-data_Tang-Huau2018_Ovarian.csv?rlkey=cziwekt2a60dph7y2cn4pk3mh&dl=1,Ovarian cancer,10x,6000.0,1.0
102,ovarian,Zhang et al. 2019,https://www.nature.com/articles/s41592-019-0529-1,https://www.dropbox.com/sh/2ippafmmvy5x0cx/AACH4SHu4V6R9LTeFKVLlJFOa?dl=1,https://www.dropbox.com/scl/fi/12pordipzyz42zpmjnht7/Meta-data_Zhang2019_Ovarian.csv?rlkey=c7cqrn4i37ltrlmwkvpv9nqea&dl=1,HGSOC,10x,4848.0,2.0
103,ovarian,Zhang et al. 2022,https://www.science.org/doi/10.1126/sciadv.abm1831,https://www.dropbox.com/sh/lrovh922e5lzoc3/AAAxkAB1HWISx6O5I160ebKOa?dl=1,https://www.dropbox.com/scl/fi/f03em7dju4sc55cs6b1d4/Meta-data_Zhang2022_Ovarian.csv?rlkey=5ucl0gix237mrov1vksu4018v&dl=1,HGSOC,10x,51786.0,22.0
104,skin,Biermann et al. 2022,https://www.cell.com/cell/fulltext/S0092-8674(22)00712-7,https://www.dropbox.com/sh/sgd0q53f7i967dk/AADuDWVWNTmkQvCKzntWVWb5a?dl=1,https://www.dropbox.com/scl/fi/33zf6jo20yx11v6c7cy5b/Meta-data_Biermann2022_Skin.csv?rlkey=y211ruqkcgmkly407ck8ky8g9&dl=1,Metastatic melanoma,10x,136973.0,32.0
105,skin,Ferrari de Andrade et al. 2019,https://insight.jci.org/articles/view/133103,https://www.dropbox.com/sh/ulv5y8x3p7o9a7u/AAA5xU5QMK6COtgKF_UwUzdLa?dl=1,https://www.dropbox.com/scl/fi/z409f4b93f7t2kin633d1/Meta-data_Ferrari-de-Andrade2019_Skin.csv?rlkey=u1hc5xjcg3olob7l8ypy8nzo3&dl=1,Metastatic melanoma,10x,39884.0,12.0
106,skin,Jerby-Arnon et al. 2018,https://www.ncbi.nlm.nih.gov/pmc/articles/PMC6410377/,https://www.dropbox.com/sh/wr9yvn4go985kk6/AAAAt3Kygig2AJnTBQ6H5-HPa?dl=1,https://www.dropbox.com/scl/fi/7uvfr6sh8n9jdvxalacia/Meta-data_Jerby-Arnon2018_Skin.csv?rlkey=zqexvumfammds56wpzprboxlc&dl=1,Melanoma,SmartSeq2,7186.0,32.0
107,skin,Ji et al. 2020,https://www.sciencedirect.com/science/article/pii/S0092867420306723,https://www.dropbox.com/sh/40ys10452mdoodx/AAAVOqcXeoJN5T4ouXAxbonua?dl=1,https://www.dropbox.com/scl/fi/mskgye9m2li8lja90557t/Meta-data_Ji2020_Skin.csv?rlkey=eyhwccdok75dcv6ny03yeb8c8&dl=1,Skin SCC,10x,48164.0,10.0
108,skin,Li et al. 2019,https://www.sciencedirect.com/science/article/pii/S009286741831568X,https://www.dropbox.com/sh/0wig518oz5qbwdh/AABCvhY3olOdrBmW3NUBQXema?dl=1,https://www.dropbox.com/scl/fi/f4p9vewuj45lvjcwm6r11/Meta-data_Li2019_Skin.csv?rlkey=izefequhq8a2vqwkik4evy2g6&dl=1,Melanoma,MARS-seq,35494.0,25.0
109,skin,Mahuron et al. 2020,https://rupress.org/jem/article/217/9/e20192080/151858/Layilin-augments-integrin-activation-to-promote,https://www.dropbox.com/sh/vlslb6xf4w7nyxb/AAAjbYSB6ctNVEnrJ5x7aHfqa?dl=1,https://www.dropbox.com/scl/fi/uyfmrl2n9rn6bendrsfo7/Meta-data_Mahuron2020_Skin.csv?rlkey=07isrgq5t2m5ot6efo267d073&dl=1,Metastatic melanoma,10x,27834.0,6.0
110,skin,Paulson et al. 2020,https://www.nature.com/articles/s41467-018-06300-3,https://www.dropbox.com/sh/0jup6aq8xyin77k/AAC-ztFFoQn37Xxa4p4oL-vua?dl=1,https://www.dropbox.com/scl/fi/spv4hoyztkh36a8len0cv/Meta-data_Paulson2020_Skin.csv?rlkey=d6ew4p0vwlfi31rmw9pax1rt3&dl=1,Merkel cell carcinoma,10x,21172.0,8.0
111,skin,Sade-Feldman et al. 2018,https://www.sciencedirect.com/science/article/pii/S0092867418313941,https://www.dropbox.com/sh/jqvegj3zfmatq45/AADZCqs4DUJrd9trWbP_Zhfqa?dl=1,https://www.dropbox.com/scl/fi/68l1u6r4ax1xd6pa1obz0/Meta-data_Sade-Feldman2018_Skin.csv?rlkey=nnqbcefy2hkv7t71v3k7bsgmr&dl=1,Primary melanoma,SmartSeq2,16291.0,32.0
112,skin,Tirosh et al. 2016,https://science.sciencemag.org/content/352/6282/189,https://www.dropbox.com/sh/0ewgqupgj1nqr8z/AABQ34ng8LoW_L8Rqj2DWMVBa?dl=1,https://www.dropbox.com/scl/fi/5kfyxb33o3hnx9ul7e06r/Meta-data_Tirosh2016_Skin.csv?rlkey=1gtmem94bxkro8ymwfzyejaq5&dl=1,Melanoma,SmartSeq2,4645.0,19.0
113,skin,Yost et al. 2019,https://www.nature.com/articles/s41591-019-0522-3,https://www.dropbox.com/sh/k06la25o0tjacz2/AAC3KQvZjaq7y6Cpio-sCf5Ia?dl=1,https://www.dropbox.com/scl/fi/2we55yasgr8wj1bagzqm0/Meta-data_Yost2019_Skin.csv?rlkey=5qkwzzs8xwcqw0ieyy5sqw0yy&dl=1,"BCC, SCC",10x,79046.0,30.0
114,hematologic,Caron et al. 2020,https://www.nature.com/articles/s41598-020-64929-x,https://www.dropbox.com/sh/oxkdc8uhqzpxyjo/AAAXiIb0b4jbrqGkfzVe_qa_a?dl=1,https://www.dropbox.com/scl/fi/a68pcic4ysedviq95ubae/Meta-data_Caron2020_Hematologic.csv?rlkey=jf8rtfq2jfq8bot4ceothknz7&dl=1,ALL,10x,37320.0,10.0
115,hematologic,Cohen et al. 2021,https://www.nature.com/articles/s41591-021-01232-w,https://www.dropbox.com/sh/96z18b8vete2kgu/AAACKsbrrDzvx_9mRKBNaJhKa?dl=1,https://www.dropbox.com/scl/fi/3n5av9k193orhwiullrw3/Meta-data_Cohen2021_Hematologic.csv?rlkey=mqcqaktlt8b6hex7ccg1h7d1w&dl=1,Multiple myeloma,MARS-seq,39157.0,74.0
116,hematologic,Gaiti et al. 2019,https://www.nature.com/articles/s41586-019-1198-z,https://www.dropbox.com/sh/d9sh7suo22t4wug/AAA3gt7jqjS8s53Gb-Nm_q6Ka?dl=1,https://www.dropbox.com/scl/fi/gv43yg2moj91op8kk9z6x/Meta-data_Gaiti2019_Hematologic.csv?rlkey=80qwnug9g56yh9wz050hideqi&dl=1,CLL,SmartSeq2,720.0,8.0
117,hematologic,Galen et al. 2019,https://www.sciencedirect.com/science/article/pii/S0092867419300947,https://www.dropbox.com/sh/gn32vl6gt6nujev/AAAOlOyDALBozS7nqM5Zf8i4a?dl=1,https://www.dropbox.com/scl/fi/x1oxhslrykgepfz6b3wlb/Meta-data_Galen2019_Hematologic.csv?rlkey=fy8uk0lg4o5cxpnvxu3wkvmgf&dl=1,AML,SeqWell,33392.0,37.0
118,hematologic,Gaydosik et al. 2019,https://aacrjournals.org/clincancerres/article/25/14/4443/81646/Single-Cell-Lymphocyte-Heterogeneity-in-Advanced,https://www.dropbox.com/sh/tqsg4r97zznicpg/AACRF-fi46lBJ1dqe-LpBJUZa?dl=1,https://www.dropbox.com/scl/fi/rrdb6bs9cwscbs1gdhpjm/Meta-data_Gaydosik2019_Hematologic.csv?rlkey=ivt2hwzchws86wb87zhyi71at&dl=1,Cutaneous T cell lymphoma,10x,30497.0,9.0
119,hematologic,Giustacchini et al. 2017,https://www.nature.com/articles/nm.4336,https://www.dropbox.com/sh/i17jeb0aylq8pck/AAAHgS5d-2VQOuHByfQdA0hsa?dl=1,https://www.dropbox.com/scl/fi/mprbe1xljh04y7ipndc7a/Meta-data_Giustacchini2017_Hematologic.csv?rlkey=k32rb305gdrb9vnrosb9tfqa6&dl=1,CML,HiSeq 2000,2287.0,42.0
120,hematologic,Ledergor et al. 2018,https://www.nature.com/articles/s41591-018-0269-2,https://www.dropbox.com/sh/7nagbuzqywlxig9/AAA3w3yYgGIvhojpr3w85gpga?dl=1,https://www.dropbox.com/scl/fi/tv7ka9cyofihd38hktr1m/Meta-data_Ledergor2018_Hematologic.csv?rlkey=hh8yo2fmk37hua1nkua6yy25v&dl=1,Multiple myeloma,MARS-seq,51840.0,42.0
121,hematologic,Liu et al. 2021,https://www.nature.com/articles/s41467-021-22804-x,https://www.dropbox.com/sh/fuqwk3o4ui5z3b0/AABYvpPgLOMQXL7DHn65WldNa?dl=1,https://www.dropbox.com/scl/fi/ifbf09nabh6aoxl0n0ntl/Meta-data_Liu2021_Hematologic.csv?rlkey=hzkjmpe3u4djom6igc2r8qvom&dl=1,Multiple myeloma,10x,74986.0,24.0
122,hematologic,Nam et al. 2019,https://www.nature.com/articles/s41586-019-1367-0,https://www.dropbox.com/sh/hrb3krwoqhyebuk/AABm8Rl0hSq4BALjCJQiULh4a?dl=1,https://www.dropbox.com/scl/fi/u0yai6f3qm1b7vaptjyq4/Meta-data_Nam2019_Hematologic.csv?rlkey=txiti40zgv8bl06we10gii2kt&dl=1,Myeloproliferative neoplasms,10x,31703.0,10.0
123,hematologic,Rendeiro et al. 2020,https://www.nature.com/articles/s41467-019-14081-6,https://www.dropbox.com/sh/q90rerkuvaay3fe/AAAsQW7f1OLDK-RuKj-FS7zXa?dl=1,https://www.dropbox.com/scl/fi/d0vxzxqdja2nfu0ifu3qv/Meta-data_Rendeiro2020_Hematologic.csv?rlkey=42iss7tngiyssk5c0718ei896&dl=1,CLL,10x,30106.0,12.0
124,hematologic,Riether et al. 2020,https://www.nature.com/articles/s41591-020-0910-8,https://www.dropbox.com/sh/wmnahko0zx8t766/AACBVjUbpPdVydkNgcecF1s2a?dl=1,https://www.dropbox.com/scl/fi/4uhm78fslr0yusul30yqq/Meta-data_Riether2020_Hematologic.csv?rlkey=8ayj5v3izaxbwfsjb09f89m83&dl=1,AML,10x,7389.0,4.0
125,hematologic,Roider et al. 2020,https://www.nature.com/articles/s41556-020-0532-x,https://www.dropbox.com/sh/ee7udmp1nhbdgzs/AADBQePxuhw96vy9HrlxonLLa?dl=1,https://www.dropbox.com/scl/fi/xep5k59cns1bxfnf7k36n/Meta-data_Roider2020_Hematologic.csv?rlkey=3dnah88huogofhkytndpngyt8&dl=1,B cell lymphoma,10x,35278.0,12.0
126,hematologic,Steen et al. 2021,https://www.cell.com/cancer-cell/fulltext/S1535-6108(21)00451-7,https://www.dropbox.com/sh/h4gsyoypir7nxdw/AACE9gVgCV1UgFGLUfSlQn5Ya?dl=1,https://www.dropbox.com/scl/fi/9zv0p4epdxwgwwfizypdp/Meta-data_Steen2021_Hematologic.csv?rlkey=qmertllhnrwfi5xhoy2qn7jo3&dl=1,DLBCL,10x,18197.0,10.0
127,hematologic,Wu et al. 2020,https://jhoonline.biomedcentral.com/articles/10.1186/s13045-020-00941-y,https://www.dropbox.com/sh/5p6pyttcl5jvyr5/AACcHShDFrW-n0kVqKF6jPUaa?dl=1,https://www.dropbox.com/scl/fi/rnv4jewen8350us781sgm/Meta-data_Wu2020_Hematologic.csv?rlkey=t12ojn52we74df3oypm2zq6q8&dl=1,AML,Microwell-seq,194571.0,41.0
128,hematologic,Zhang et al. 2019,https://www.nature.com/articles/s41592-019-0529-1,https://www.dropbox.com/sh/ejctv4ttrs4au3f/AACzHPMDOJ2qsToMGg6Dz55Ma?dl=1,https://www.dropbox.com/scl/fi/iyxawxrlmzsmd8azvcv63/Meta-data_Zhang2019_Hematologic.csv?rlkey=vin7i41uts9ctkhwd1qmc2ydg&dl=1,Follicular lymphoma,10x,7002.0,4.0
